#Release 14.7 - par P.20131013 (lin64)
#Copyright (c) 1995-2013 Xilinx, Inc.  All rights reserved.

#Tue May 11 23:55:12 2021

#
## NOTE: This file is designed to be imported into a spreadsheet program
# such as Microsoft Excel for viewing, printing and sorting. The |
# character is used as the data field separator. This file is also designed
# to support parsing.
#
#INPUT FILE:       top_map.ncd
#OUTPUT FILE:      top_pad.csv
#PART TYPE:        xc3s100e
#SPEED GRADE:      -5
#PACKAGE:          vq100
#
# Pinout by Pin Number:
# 
# -----,-----,-----,-----,-----,-----,-----,-----,-----,-----,-----,-----,-----,-----,-----,
Pin Number,Signal Name,Pin Usage,Pin Name,Direction,IO Standard,IO Bank Number,Drive (mA),Slew Rate,Termination,IOB Delay,Voltage,Constraint,IO Register,Signal Integrity,
P1,,,PROG_B,,,,,,,,,,,,
P2,ALU_result<0>,IOB,IO_L01P_3,OUTPUT,LVCMOS25*,3,12,SLOW,NONE**,,,UNLOCATED,NO,NONE,
P3,ALU_result<1>,IOB,IO_L01N_3,OUTPUT,LVCMOS25*,3,12,SLOW,NONE**,,,UNLOCATED,NO,NONE,
P4,ALU_result<2>,IOB,IO_L02P_3,OUTPUT,LVCMOS25*,3,12,SLOW,NONE**,,,UNLOCATED,NO,NONE,
P5,ALU_result<3>,IOB,IO_L02N_3/VREF_3,OUTPUT,LVCMOS25*,3,12,SLOW,NONE**,,,UNLOCATED,NO,NONE,
P6,,,VCCINT,,,,,,,,1.2,,,,
P7,,,GND,,,,,,,,,,,,
P8,,,VCCO_3,,,3,,,,,2.50,,,,
P9,ALU_result<4>,IOB,IO_L03P_3/LHCLK0,OUTPUT,LVCMOS25*,3,12,SLOW,NONE**,,,UNLOCATED,NO,NONE,
P10,ALU_result<5>,IOB,IO_L03N_3/LHCLK1,OUTPUT,LVCMOS25*,3,12,SLOW,NONE**,,,UNLOCATED,NO,NONE,
P11,ALU_result<6>,IOB,IO_L04P_3/LHCLK2,OUTPUT,LVCMOS25*,3,12,SLOW,NONE**,,,UNLOCATED,NO,NONE,
P12,ALU_result<7>,IOB,IO_L04N_3/LHCLK3/IRDY2,OUTPUT,LVCMOS25*,3,12,SLOW,NONE**,,,UNLOCATED,NO,NONE,
P13,,IBUF,IP,UNUSED,,3,,,,,,,,,
P14,,,GND,,,,,,,,,,,,
P15,,DIFFM,IO_L05P_3/LHCLK4/TRDY2,UNUSED,,3,,,,,,,,,
P16,,DIFFS,IO_L05N_3/LHCLK5,UNUSED,,3,,,,,,,,,
P17,,DIFFM,IO_L06P_3/LHCLK6,UNUSED,,3,,,,,,,,,
P18,,DIFFS,IO_L06N_3/LHCLK7,UNUSED,,3,,,,,,,,,
P19,,,GND,,,,,,,,,,,,
P20,,,VCCO_3,,,3,,,,,2.50,,,,
P21,,,VCCAUX,,,,,,,,2.5,,,,
P22,,DIFFM,IO_L07P_3,UNUSED,,3,,,,,,,,,
P23,,DIFFS,IO_L07N_3,UNUSED,,3,,,,,,,,,
P24,Instr<0>,IOB,IO_L01P_2/CSO_B,OUTPUT,LVCMOS25*,2,12,SLOW,NONE**,,,UNLOCATED,NO,NONE,
P25,Instr<1>,IOB,IO_L01N_2/INIT_B,OUTPUT,LVCMOS25*,2,12,SLOW,NONE**,,,UNLOCATED,NO,NONE,
P26,Instr<2>,IOB,IO_L02P_2/DOUT/BUSY,OUTPUT,LVCMOS25*,2,12,SLOW,NONE**,,,UNLOCATED,NO,NONE,
P27,Instr<3>,IOB,IO_L02N_2/MOSI/CSI_B,OUTPUT,LVCMOS25*,2,12,SLOW,NONE**,,,UNLOCATED,NO,NONE,
P28,,,VCCINT,,,,,,,,1.2,,,,
P29,,,GND,,,,,,,,,,,,
P30,,DIFFSI,IP/VREF_2,UNUSED,,2,,,,,,,,,
P31,,,VCCO_2,,,2,,,,,2.50,,,,
P32,Instr<4>,IOB,IO_L03P_2/D7/GCLK12,OUTPUT,LVCMOS25*,2,12,SLOW,NONE**,,,UNLOCATED,NO,NONE,
P33,Instr<5>,IOB,IO_L03N_2/D6/GCLK13,OUTPUT,LVCMOS25*,2,12,SLOW,NONE**,,,UNLOCATED,NO,NONE,
P34,Instr<6>,IOB,IO/D5,OUTPUT,LVCMOS25*,2,12,SLOW,NONE**,,,UNLOCATED,NO,NONE,
P35,Instr<7>,IOB,IO_L04P_2/D4/GCLK14,OUTPUT,LVCMOS25*,2,12,SLOW,NONE**,,,UNLOCATED,NO,NONE,
P36,Instr<8>,IOB,IO_L04N_2/D3/GCLK15,OUTPUT,LVCMOS25*,2,12,SLOW,NONE**,,,UNLOCATED,NO,NONE,
P37,,,GND,,,,,,,,,,,,
P38,,DIFFMI,IP_L05P_2/RDWR_B/GCLK0,UNUSED,,2,,,,,,,,,
P39,,DIFFSI,IP_L05N_2/M2/GCLK1,UNUSED,,2,,,,,,,,,
P40,Instr<9>,IOB,IO_L06P_2/D2/GCLK2,OUTPUT,LVCMOS25*,2,12,SLOW,NONE**,,,UNLOCATED,NO,NONE,
P41,Instr<10>,IOB,IO_L06N_2/D1/GCLK3,OUTPUT,LVCMOS25*,2,12,SLOW,NONE**,,,UNLOCATED,NO,NONE,
P42,Instr<11>,IOB,IO/M1,OUTPUT,LVCMOS25*,2,12,SLOW,NONE**,,,UNLOCATED,NO,NONE,
P43,Instr<12>,IOB,IO_L07P_2/M0,OUTPUT,LVCMOS25*,2,12,SLOW,NONE**,,,UNLOCATED,NO,NONE,
P44,Instr<13>,IOB,IO_L07N_2/DIN/D0,OUTPUT,LVCMOS25*,2,12,SLOW,NONE**,,,UNLOCATED,NO,NONE,
P45,,,VCCO_2,,,2,,,,,2.50,,,,
P46,,,VCCAUX,,,,,,,,2.5,,,,
P47,Instr<14>,IOB,IO_L08P_2/VS2,OUTPUT,LVCMOS25*,2,12,SLOW,NONE**,,,UNLOCATED,NO,NONE,
P48,Instr<15>,IOB,IO_L08N_2/VS1,OUTPUT,LVCMOS25*,2,12,SLOW,NONE**,,,UNLOCATED,NO,NONE,
P49,ALU_result2<0>,IOB,IO_L09P_2/VS0,OUTPUT,LVCMOS25*,2,12,SLOW,NONE**,,,UNLOCATED,NO,NONE,
P50,ALU_result2<1>,IOB,IO_L09N_2/CCLK,OUTPUT,LVCMOS25*,2,12,SLOW,NONE**,,,UNLOCATED,NO,NONE,
P51,,,DONE,,,,,,,,,,,,
P52,,,GND,,,,,,,,,,,,
P53,ALU_result2<2>,IOB,IO_L01P_1,OUTPUT,LVCMOS25*,1,12,SLOW,NONE**,,,UNLOCATED,NO,NONE,
P54,ALU_result2<3>,IOB,IO_L01N_1,OUTPUT,LVCMOS25*,1,12,SLOW,NONE**,,,UNLOCATED,NO,NONE,
P55,,,VCCO_1,,,1,,,,,2.50,,,,
P56,,,VCCINT,,,,,,,,1.2,,,,
P57,ALU_result2<4>,IOB,IO_L02P_1,OUTPUT,LVCMOS25*,1,12,SLOW,NONE**,,,UNLOCATED,NO,NONE,
P58,ALU_result2<5>,IOB,IO_L02N_1,OUTPUT,LVCMOS25*,1,12,SLOW,NONE**,,,UNLOCATED,NO,NONE,
P59,,,GND,,,,,,,,,,,,
P60,ALU_result2<6>,IOB,IO_L03P_1/RHCLK0,OUTPUT,LVCMOS25*,1,12,SLOW,NONE**,,,UNLOCATED,NO,NONE,
P61,ALU_result2<7>,IOB,IO_L03N_1/RHCLK1,OUTPUT,LVCMOS25*,1,12,SLOW,NONE**,,,UNLOCATED,NO,NONE,
P62,SrcA<0>,IOB,IO_L04P_1/RHCLK2,OUTPUT,LVCMOS25*,1,12,SLOW,NONE**,,,UNLOCATED,NO,NONE,
P63,SrcA<1>,IOB,IO_L04N_1/RHCLK3/TRDY1,OUTPUT,LVCMOS25*,1,12,SLOW,NONE**,,,UNLOCATED,NO,NONE,
P64,,,GND,,,,,,,,,,,,
P65,SrcA<2>,IOB,IO_L05P_1/RHCLK4/IRDY1,OUTPUT,LVCMOS25*,1,12,SLOW,NONE**,,,UNLOCATED,NO,NONE,
P66,SrcA<3>,IOB,IO_L05N_1/RHCLK5,OUTPUT,LVCMOS25*,1,12,SLOW,NONE**,,,UNLOCATED,NO,NONE,
P67,SrcA<4>,IOB,IO_L06P_1/RHCLK6,OUTPUT,LVCMOS25*,1,12,SLOW,NONE**,,,UNLOCATED,NO,NONE,
P68,SrcA<5>,IOB,IO_L06N_1/RHCLK7,OUTPUT,LVCMOS25*,1,12,SLOW,NONE**,,,UNLOCATED,NO,NONE,
P69,,IBUF,IP/VREF_1,UNUSED,,1,,,,,,,,,
P70,SrcA<6>,IOB,IO_L07P_1,OUTPUT,LVCMOS25*,1,12,SLOW,NONE**,,,UNLOCATED,NO,NONE,
P71,SrcA<7>,IOB,IO_L07N_1,OUTPUT,LVCMOS25*,1,12,SLOW,NONE**,,,UNLOCATED,NO,NONE,
P72,,,GND,,,,,,,,,,,,
P73,,,VCCO_1,,,1,,,,,2.50,,,,
P74,,,VCCAUX,,,,,,,,2.5,,,,
P75,,,TMS,,,,,,,,,,,,
P76,,,TDO,,,,,,,,,,,,
P77,,,TCK,,,,,,,,,,,,
P78,Flags<0>,IOB,IO_L01P_0,OUTPUT,LVCMOS25*,0,12,SLOW,NONE**,,,UNLOCATED,NO,NONE,
P79,Flags<1>,IOB,IO_L01N_0,OUTPUT,LVCMOS25*,0,12,SLOW,NONE**,,,UNLOCATED,NO,NONE,
P80,,,VCCINT,,,,,,,,1.2,,,,
P81,,,GND,,,,,,,,,,,,
P82,,,VCCO_0,,,0,,,,,2.50,,,,
P83,Flags<2>,IOB,IO_L02P_0/GCLK4,OUTPUT,LVCMOS25*,0,12,SLOW,NONE**,,,UNLOCATED,NO,NONE,
P84,Flags<3>,IOB,IO_L02N_0/GCLK5,OUTPUT,LVCMOS25*,0,12,SLOW,NONE**,,,UNLOCATED,NO,NONE,
P85,SrcB<0>,IOB,IO_L03P_0/GCLK6,OUTPUT,LVCMOS25*,0,12,SLOW,NONE**,,,UNLOCATED,NO,NONE,
P86,SrcB<1>,IOB,IO_L03N_0/GCLK7,OUTPUT,LVCMOS25*,0,12,SLOW,NONE**,,,UNLOCATED,NO,NONE,
P87,,,GND,,,,,,,,,,,,
P88,,DIFFMI,IP_L04P_0/GCLK8,UNUSED,,0,,,,,,,,,
P89,,DIFFSI,IP_L04N_0/GCLK9,UNUSED,,0,,,,,,,,,
P90,SrcB<2>,IOB,IO_L05P_0/GCLK10,OUTPUT,LVCMOS25*,0,12,SLOW,NONE**,,,UNLOCATED,NO,NONE,
P91,SrcB<3>,IOB,IO_L05N_0/GCLK11,OUTPUT,LVCMOS25*,0,12,SLOW,NONE**,,,UNLOCATED,NO,NONE,
P92,SrcB<4>,IOB,IO,OUTPUT,LVCMOS25*,0,12,SLOW,NONE**,,,UNLOCATED,NO,NONE,
P93,,,GND,,,,,,,,,,,,
P94,SrcB<5>,IOB,IO_L06P_0,OUTPUT,LVCMOS25*,0,12,SLOW,NONE**,,,UNLOCATED,NO,NONE,
P95,SrcB<6>,IOB,IO_L06N_0/VREF_0,OUTPUT,LVCMOS25*,0,12,SLOW,NONE**,,,UNLOCATED,NO,NONE,
P96,,,VCCAUX,,,,,,,,2.5,,,,
P97,,,VCCO_0,,,0,,,,,2.50,,,,
P98,SrcB<7>,IOB,IO_L07P_0,OUTPUT,LVCMOS25*,0,12,SLOW,NONE**,,,UNLOCATED,NO,NONE,
P99,PCSrc,IOB,IO_L07N_0/HSWAP,OUTPUT,LVCMOS25*,0,12,SLOW,NONE**,,,UNLOCATED,NO,NONE,
P100,,,TDI,,,,,,,,,,,,

# -----,-----,-----,-----,-----,-----,-----,-----,-----,-----,-----,-----,-----,-----,-----,
# 
#* Default value.
#** This default Pullup/Pulldown value can be overridden in Bitgen. 
#****** Special VCCO requirements may apply. Please consult the device 
#       family datasheet for specific guideline on VCCO requirements. 
#
#
#